<!DOCTYPE comps PUBLIC "-//Red Hat, Inc.//DTD Comps info//EN" "comps.dtd">
<comps>
    <group>
        <id>webtatic-el7-build</id>
        <name>Buildsystem building group</name>
        <description/>
        <default>false</default>
        <uservisible>false</uservisible>
        <packagelist>
            <packagereq type="mandatory">bash</packagereq>
            <packagereq type="mandatory">bzip2</packagereq>
            <packagereq type="mandatory">coreutils</packagereq>
            <packagereq type="mandatory">cpio</packagereq>
            <packagereq type="mandatory">diffutils</packagereq>
            <packagereq type="mandatory">epel-release</packagereq>
            <packagereq type="mandatory">findutils</packagereq>
            <packagereq type="mandatory">gawk</packagereq>
            <packagereq type="mandatory">gcc</packagereq>
            <packagereq type="mandatory">gcc-c++</packagereq>
            <packagereq type="mandatory">grep</packagereq>
            <packagereq type="mandatory">gzip</packagereq>
            <packagereq type="mandatory">info</packagereq>
            <packagereq type="mandatory">make</packagereq>
            <packagereq type="mandatory">patch</packagereq>
            <packagereq type="mandatory">redhat-rpm-config</packagereq>
            <packagereq type="mandatory">rpm-build</packagereq>
            <packagereq type="mandatory">sed</packagereq>
            <packagereq type="mandatory">shadow-utils</packagereq>
            <packagereq type="mandatory">tar</packagereq>
            <packagereq type="mandatory">unzip</packagereq>
            <packagereq type="mandatory">util-linux-ng</packagereq>
            <packagereq type="mandatory">which</packagereq>
            <packagereq type="mandatory">xz</packagereq>
        </packagelist>
    </group>
</comps>