<?xml version="1.0" encoding="UTF-8"?>
<repomd xmlns="http://linux.duke.edu/metadata/repo" xmlns:rpm="http://linux.duke.edu/metadata/rpm">
 <revision>1558413172</revision>
<data type="group">
  <checksum type="sha256">18eadec4ae773fda6e7a73cfda5df392fbb78c2066bec300cf477358cfb9e963</checksum>
  <location href="repodata/18eadec4ae773fda6e7a73cfda5df392fbb78c2066bec300cf477358cfb9e963-groups.xml"/>
  <timestamp>1558413177</timestamp>
  <size>1888</size>
</data>
<data type="filelists">
  <checksum type="sha256">ade02f68bec09730a313f94975ca4b002730be12e19bc787aa7dd9fbd4627076</checksum>
  <open-checksum type="sha256">88e9f01eec62050f5f575bf881c8bfe398a320d2bafab21e1f92e5913085ffc7</open-checksum>
  <location href="repodata/ade02f68bec09730a313f94975ca4b002730be12e19bc787aa7dd9fbd4627076-filelists.xml.xz"/>
  <timestamp>1558413175</timestamp>
  <size>27696</size>
  <open-size>788843</open-size>
</data>
<data type="group_gz">
  <checksum type="sha256">6ea50b9c528c5c5dba188eca6f802404aebb3eb85c669370fae2789c50e23e3d</checksum>
  <open-checksum type="sha256">18eadec4ae773fda6e7a73cfda5df392fbb78c2066bec300cf477358cfb9e963</open-checksum>
  <location href="repodata/6ea50b9c528c5c5dba188eca6f802404aebb3eb85c669370fae2789c50e23e3d-groups.xml.xz"/>
  <timestamp>1558413177</timestamp>
  <size>448</size>
</data>
<data type="primary">
  <checksum type="sha256">e7dd0bb3409de5fd13c2cad8326b9817f24f64c7e62172adeef52ac87ea4232e</checksum>
  <open-checksum type="sha256">1b4a91674e2d8fad5bf6d67aa854db968397ee45e6daeb765c93b92ac13adce7</open-checksum>
  <location href="repodata/e7dd0bb3409de5fd13c2cad8326b9817f24f64c7e62172adeef52ac87ea4232e-primary.xml.xz"/>
  <timestamp>1558413175</timestamp>
  <size>47380</size>
  <open-size>1129215</open-size>
</data>
<data type="primary_db">
  <checksum type="sha256">931d3d6dba14abb47e1a522ce57e621d6c897b387c1ad5aeb2f8086e144d10c1</checksum>
  <open-checksum type="sha256">831f8a4939cfac06a9da17b7fca0e075f80685f74087337c35c5ee3750147b85</open-checksum>
  <location href="repodata/931d3d6dba14abb47e1a522ce57e621d6c897b387c1ad5aeb2f8086e144d10c1-primary.sqlite.xz"/>
  <timestamp>1558413177</timestamp>
  <database_version>10</database_version>
  <size>163736</size>
  <open-size>1317888</open-size>
</data>
<data type="other_db">
  <checksum type="sha256">fbfb7a9f6ac126bbc007a442b23d75d8a41d3eda2235e21e6e7236cc06e5e6f4</checksum>
  <open-checksum type="sha256">2deefe34543d9de3752ed0cd6d3d3a8734777655141d57a690083d4147c671d5</open-checksum>
  <location href="repodata/fbfb7a9f6ac126bbc007a442b23d75d8a41d3eda2235e21e6e7236cc06e5e6f4-other.sqlite.xz"/>
  <timestamp>1558413176</timestamp>
  <database_version>10</database_version>
  <size>39552</size>
  <open-size>459776</open-size>
</data>
<data type="other">
  <checksum type="sha256">6c5241cb1382a337512955754eebcff53e7eff85239399a04c63d866158902ff</checksum>
  <open-checksum type="sha256">ca1f712097ecf8335d3369dc19c70121d34d9fa1e0e4be57eccfa48371394ce3</open-checksum>
  <location href="repodata/6c5241cb1382a337512955754eebcff53e7eff85239399a04c63d866158902ff-other.xml.xz"/>
  <timestamp>1558413175</timestamp>
  <size>20248</size>
  <open-size>561719</open-size>
</data>
<data type="filelists_db">
  <checksum type="sha256">8e1c0b9df2d836b1719a5e3bd973b2cd970aba9271523d483a9c6680478641f9</checksum>
  <open-checksum type="sha256">444d9677e896eaf63b19866b2c2c4a41f8dd2fa8322cba444e7a2b7bdcb880df</open-checksum>
  <location href="repodata/8e1c0b9df2d836b1719a5e3bd973b2cd970aba9271523d483a9c6680478641f9-filelists.sqlite.xz"/>
  <timestamp>1558413176</timestamp>
  <database_version>10</database_version>
  <size>61644</size>
  <open-size>512000</open-size>
</data>
</repomd>
